"PersonID","Activities","tBodyAcc-mean()-X","tBodyAcc-mean()-Y","tBodyAcc-mean()-Z","tBodyAcc-std()-X","tBodyAcc-std()-Y","tBodyAcc-std()-Z","tGravityAcc-mean()-X","tGravityAcc-mean()-Y","tGravityAcc-mean()-Z","tGravityAcc-std()-X","tGravityAcc-std()-Y","tGravityAcc-std()-Z","tBodyAccJerk-mean()-X","tBodyAccJerk-mean()-Y","tBodyAccJerk-mean()-Z","tBodyAccJerk-std()-X","tBodyAccJerk-std()-Y","tBodyAccJerk-std()-Z","tBodyGyro-mean()-X","tBodyGyro-mean()-Y","tBodyGyro-mean()-Z","tBodyGyro-std()-X","tBodyGyro-std()-Y","tBodyGyro-std()-Z","tBodyGyroJerk-mean()-X","tBodyGyroJerk-mean()-Y","tBodyGyroJerk-mean()-Z","tBodyGyroJerk-std()-X","tBodyGyroJerk-std()-Y","tBodyGyroJerk-std()-Z","tBodyAccMag-mean()","tBodyAccMag-std()","tGravityAccMag-mean()","tGravityAccMag-std()","tBodyAccJerkMag-mean()","tBodyAccJerkMag-std()","tBodyGyroMag-mean()","tBodyGyroMag-std()","tBodyGyroJerkMag-mean()","tBodyGyroJerkMag-std()","fBodyAcc-mean()-X","fBodyAcc-mean()-Y","fBodyAcc-mean()-Z","fBodyAcc-std()-X","fBodyAcc-std()-Y","fBodyAcc-std()-Z","fBodyAcc-meanFreq()-X","fBodyAcc-meanFreq()-Y","fBodyAcc-meanFreq()-Z","fBodyAccJerk-mean()-X","fBodyAccJerk-mean()-Y","fBodyAccJerk-mean()-Z","fBodyAccJerk-std()-X","fBodyAccJerk-std()-Y","fBodyAccJerk-std()-Z","fBodyAccJerk-meanFreq()-X","fBodyAccJerk-meanFreq()-Y","fBodyAccJerk-meanFreq()-Z","fBodyGyro-mean()-X","fBodyGyro-mean()-Y","fBodyGyro-mean()-Z","fBodyGyro-std()-X","fBodyGyro-std()-Y","fBodyGyro-std()-Z","fBodyGyro-meanFreq()-X","fBodyGyro-meanFreq()-Y","fBodyGyro-meanFreq()-Z","fBodyAccMag-mean()","fBodyAccMag-std()","fBodyAccMag-meanFreq()","fBodyBodyAccJerkMag-mean()","fBodyBodyAccJerkMag-std()","fBodyBodyAccJerkMag-meanFreq()","fBodyBodyGyroMag-mean()","fBodyBodyGyroMag-std()","fBodyBodyGyroMag-meanFreq()","fBodyBodyGyroJerkMag-mean()","fBodyBodyGyroJerkMag-std()","fBodyBodyGyroJerkMag-meanFreq()","angle(tBodyAccMean,gravity)","angle(tBodyAccJerkMean),gravityMean)","angle(tBodyGyroMean,gravityMean)","angle(tBodyGyroJerkMean,gravityMean)","angle(X,gravityMean)","angle(Y,gravityMean)","angle(Z,gravityMean)"
"1","WALKING_DOWNSTAIRS","0.272154196428571","-0.0153264487792857","-0.0949711475357143","-0.10438892475","-0.0102461790107143","-0.116902427035714","0.905800576071429","-0.330026645","-0.0941463448928571","-0.957048614642857","-0.945034861071429","-0.906579158214286","0.0628772325714286","0.0243084681678571","-0.0161821921428571","-0.156114020335714","-0.199718153632143","-0.476050511428571","0.00793679635714286","-0.124194573607143","0.0749974305928571","-0.505927252857143","-0.0722302850357143","-0.264048974032143","-0.121134045164286","-0.0704164515642857","-0.0169168070785714","-0.528469100357143","-0.389002888178571","-0.383401011071429","-0.0140828025671429","-0.101515471785714","-0.0140828025671429","-0.101515471785714","-0.219716752860714","-0.173363865521429","-0.0916624324642857","-0.204749539785714","-0.405708505357143","-0.461512406071429","-0.113658525846429","-0.0742782819","-0.296473813678571","-0.103948089932143","-0.0455758867178571","-0.112452208571429","-0.345588052025","0.00230389108928571","-0.0355046021071429","-0.184777986714286","-0.22808852075","-0.434256061428571","-0.202478678509643","-0.224905915296429","-0.516095982857143","-0.306332560821429","-0.3787996255","-0.2062455765","-0.423577624642857","-0.186405372785714","-0.178911898535714","-0.535530097142857","-0.0339426658214286","-0.362665404285714","-0.167386886825","-0.138687357","-0.0690434726071429","-0.06760317325","-0.264349880378571","0.0622787128796429","-0.119701861678571","-0.254298875903571","0.0667480923","-0.248337149392857","-0.324706683214286","0.157159054428571","-0.435965402464286","-0.537559601428571","0.215462239928571","0.0980291871428571","0.0315115485714286","-0.0282901396428571","0.02472303775","-0.674282791071429","0.3118302675","0.0872317600714286"
"1","WALKING_UPSTAIRS","0.265130137749216","-0.0185590134726959","-0.108975792340125","-0.584539467328931","-0.39909289878558","-0.536504094358307","0.730741616570533","-0.0608347193134796","0.086953080507837","-0.960106153793103","-0.951687434539185","-0.927506230724138","0.0783408328178683","0.0159134348518495","-0.00848661885111599","-0.557076221469279","-0.494172400365831","-0.738499733742947","-0.0234054649840439","-0.084901663477116","0.0872530964713166","-0.702410251081505","-0.484224282954075","-0.626764226316614","-0.0950035033872414","-0.0391973611410658","-0.0497921651970846","-0.647410243423198","-0.656018144169279","-0.68927331655768","-0.492214147385266","-0.531818239176489","-0.492214147385266","-0.531818239176489","-0.574021004097179","-0.545989980899812","-0.509087500201881","-0.525740915096552","-0.660039846322884","-0.668775141492163","-0.568605586936991","-0.435590309958119","-0.622737954733542","-0.592481151925078","-0.420395771879091","-0.532475457591223","-0.166073380266552","0.0624853015645768","0.0666089912456426","-0.579173297953636","-0.531855037161571","-0.718218510282132","-0.573954794100627","-0.487435630497743","-0.757327282507837","-0.0261959100727273","-0.200926264501254","-0.0868123766137931","-0.640742579222884","-0.533301013116928","-0.586410823021003","-0.723424966517241","-0.464574198389028","-0.675738548401254","-0.0201517665662696","-0.0858915426090909","-0.0135266508009091","-0.51451018417837","-0.618268506526646","0.149065098523511","-0.532375042459436","-0.567060313747649","0.211756115083887","-0.560164643022571","-0.587806637924765","0.0568356864581818","-0.664403718243574","-0.698823947630094","0.196501616180533","0.0323042527896865","0.00704376368056426","-0.0121484543062696","-0.00394350391786834","-0.523616233197492","0.10619739667116","-0.050165857153605"
"2","WALKING","0.273113115788079","-0.0191323183174834","-0.115649958175497","-0.605586497159271","-0.428962986589404","-0.589360062210596","0.660782866688742","-0.147219886910411","0.134865335090728","-0.963015508245033","-0.960033560165563","-0.945365383907285","0.0785353156747351","0.00708771249764901","0.000755760748377483","-0.557809603123841","-0.491875889831788","-0.741885388311258","-0.0517030657821192","-0.0568420186817881","0.0872599422291391","-0.710648927815894","-0.722943674337748","-0.634888927843046","-0.0875587491668874","-0.0433986835453642","-0.0557541828188742","-0.671679103311258","-0.783595466728477","-0.674611933293046","-0.535281800541722","-0.552812545643709","-0.535281800541722","-0.552812545643709","-0.58777744543543","-0.512115278415232","-0.614771054893146","-0.680584887880795","-0.746559539039735","-0.740088733655629","-0.57377091142947","-0.432566581302351","-0.630081222124834","-0.619788102803311","-0.464723862913245","-0.600678614835099","-0.106763418901788","0.105734176023146","0.087210586428","-0.561682049622185","-0.50890379901457","-0.715745330403973","-0.595105612895033","-0.509147543673841","-0.767087015496689","0.0868000536209801","-0.139776595362185","-0.0942651868218543","-0.638717694593046","-0.722068978635762","-0.601594889654305","-0.734588540182119","-0.72716774102649","-0.683114494539735","-0.00576500648245033","-0.0702155008665563","0.0513627291214901","-0.514569861316887","-0.646662308457285","0.192199738218212","-0.509746432970861","-0.518800797709272","0.193066821118212","-0.699742945221854","-0.725310337688742","0.0471324812379801","-0.751615078360927","-0.744194981440397","0.124612068599768","0.00987176748993709","0.0140445759570199","0.0745850523983444","-0.0372927976207285","-0.434486657251656","0.17228684113245","-0.0788654586730132"
"3","WALKING_DOWNSTAIRS","0.273428719636364","-0.017856067384956","-0.106492632429097","-0.623413602046921","-0.480015920697654","-0.653625579293255","0.707814353343108","-0.0260590480328739","0.0480937904190616","-0.966457565630499","-0.9445645371261","-0.926966278211144","0.0701731261988856","0.0144664329060411","-0.000526818872875366","-0.635484688041056","-0.55721186773783","-0.796066240234604","-0.0248490682828446","-0.0743565308442815","0.0866875497119062","-0.699262195705865","-0.76302218170088","-0.709483440322581","-0.0991554609633431","-0.0401923943695015","-0.0521178264170088","-0.689328428607038","-0.842659862111437","-0.743028500565982","-0.563140802770059","-0.591224780306452","-0.563140802770059","-0.591224780306452","-0.650182434328446","-0.607658214170381","-0.643150121648094","-0.674010290979472","-0.784056656246334","-0.80366136372434","-0.625733289873607","-0.501779938505279","-0.699656828592375","-0.623805015199413","-0.502753639795894","-0.657443765803519","-0.192817340495308","0.0389282523284457","0.00447261449052786","-0.645893496630499","-0.582949919157742","-0.780101644193548","-0.657844055881525","-0.559851186088408","-0.81080601659824","-0.0476941200470968","-0.236874240885924","-0.193657539305073","-0.642097719778592","-0.775144985073314","-0.670734708996481","-0.719276622702346","-0.758505287214076","-0.751008875659824","-0.102568067670674","-0.167675025582991","-0.0321862688221114","-0.579076453758064","-0.663079838985044","0.0770665587562757","-0.604752108072727","-0.615643694857361","0.11231984174566","-0.716822144279179","-0.703839403007038","-0.0846075231245126","-0.810085498651026","-0.810032718739003","0.0599628733252199","0.0140943888357038","0.0134500193845455","0.0359008263363636","-0.0192074752090909","-0.503323420175953","0.075626283568915","-0.0174901508665689"
"4","WALKING","0.274183111498423","-0.0148081545344921","-0.107521430810726","-0.605211727785489","-0.509929384011325","-0.709492735962145","0.706593043123028","0.112591195496986","0.164130896618297","-0.962636979274448","-0.941416800167192","-0.941403426072555","0.0788637845151419","0.00351340949514196","-0.00737375142832808","-0.631853083289621","-0.584063204701893","-0.843353231167192","-0.0289417906907571","-0.0787229907785489","0.0957174866009464","-0.701397703369085","-0.79823574873817","-0.726374197066246","-0.107859315713249","-0.0400427574662461","-0.0578089304000631","-0.723788617823344","-0.902502592618297","-0.748369141315457","-0.56158213510694","-0.606556049548896","-0.56158213510694","-0.606556049548896","-0.656116311856877","-0.647249966810726","-0.656291093847319","-0.706738493542587","-0.819191368044164","-0.844187064164038","-0.628806379100946","-0.52583456615142","-0.755235428895899","-0.597551324155678","-0.534661524341987","-0.708764043722397","-0.184518571319811","0.0847707537883281","-0.0164096855119621","-0.652023078038801","-0.601696223759495","-0.825154871135647","-0.644622004704416","-0.593855151524606","-0.860544668359621","-0.000543991796466877","-0.180584111376656","-0.110565549338486","-0.641881977553943","-0.831527531009464","-0.689308946422713","-0.721749187328076","-0.782885735867508","-0.7670895729653","-0.118518212447287","-0.375332544565931","0.0241889403249211","-0.602098037677603","-0.672948341687697","0.0963636689322397","-0.63501900541041","-0.666506718936908","0.160479882559811","-0.745650754608833","-0.732586304826498","-0.129301517256877","-0.838833209652997","-0.863096864037855","0.159075727514984","0.008033303979653","-0.0111447541222713","0.0270807733943218","0.0117778301287066","-0.576544037003155","-0.0323627459022082","-0.0954624208030915"
"5","WALKING_DOWNSTAIRS","0.279177960301325","-0.0154833455336192","-0.105661736816887","-0.507691011391722","-0.402724906078146","-0.646443640175497","0.698153719072848","0.112313109736755","0.0921607197449904","-0.964629108807947","-0.939973777950331","-0.94207867884106","0.0841019899622517","0.0017656830384106","-0.0029537113427351","-0.575890535679801","-0.506544358609603","-0.78456199486755","-0.0294516873643046","-0.0774316445596026","0.0866267116745033","-0.709955676983444","-0.705638306688742","-0.606589817380795","-0.103522877147351","-0.0490624519374172","-0.0506258160122517","-0.662581310334437","-0.774114270364238","-0.564680771249007","-0.460866415568709","-0.52162345171192","-0.460866415568709","-0.52162345171192","-0.589313870006622","-0.589031268133113","-0.602770284825828","-0.664078383532781","-0.707383517582782","-0.734187493344371","-0.55123770513245","-0.440232431795033","-0.696171811490066","-0.492829885748675","-0.422162171100331","-0.649351210748344","-0.226370689942053","0.0748636861897351","0.0062663175707947","-0.604769869438742","-0.550991969857417","-0.768762357980132","-0.584013626983444","-0.491500434303907","-0.798835563807947","-0.10292084499106","-0.27429092242043","-0.163706246351656","-0.632239300829801","-0.71706218781457","-0.537329127293278","-0.73573857718543","-0.702290390960265","-0.669353687483444","-0.0381646986649007","-0.0720666007195695","0.0744028987918874","-0.528503022745033","-0.594259529756954","0.0781455594845364","-0.573176177044172","-0.613485123609272","0.131619298935099","-0.677355755703311","-0.715731148145695","0.062219113935298","-0.748829309536424","-0.735610602483444","0.0307564556565894","-0.00911213827748344","-0.0152166119291391","-0.00953130166963576","-0.0233952550609272","-0.598120786887417","-0.0378727910794702","-0.0440818730005695"
"6","WALKING_DOWNSTAIRS","0.272376614181538","-0.0175697042641846","-0.11599454136","-0.505086085072062","-0.368403670137262","-0.672512004586708","0.688702063569231","0.0162055455953846","0.0475199990906462","-0.958898709015385","-0.9509348864","-0.937910223507692","0.0813833604034769","0.000479281129661539","-0.00225896302076923","-0.531468310262154","-0.454437496885815","-0.738955207627692","-0.0433611785374462","-0.0706129097498462","0.0973130293888923","-0.653800660041538","-0.626252072652308","-0.599910232855692","-0.0829159966093231","-0.0454921005615385","-0.0533610323667692","-0.546009968372308","-0.677635980501539","-0.526908306306892","-0.464770006998123","-0.483790606354154","-0.464770006998123","-0.483790606354154","-0.551413652396923","-0.502935062310769","-0.549494852037046","-0.579837818063692","-0.621936158532308","-0.644474485460492","-0.506174926221538","-0.392041410138769","-0.683725945015385","-0.506680276530492","-0.396677793847908","-0.694365207233846","-0.191537066813538","0.0590114878605846","0.113046089288708","-0.549394273848923","-0.503558973703692","-0.720867157741538","-0.555346159400332","-0.437837459287385","-0.755751144098462","-0.0956140259974462","-0.305422668448923","-0.1006823905788","-0.537201442069846","-0.621188724858462","-0.507604207506462","-0.692862440004","-0.633236229753846","-0.67302031484","0.0289087194733538","-0.0427900206246154","0.101044783556","-0.473974924380431","-0.570910289993846","0.102346682227846","-0.494882316238462","-0.516711262173969","0.0831165453227692","-0.579130051151385","-0.657368673849846","0.104193397607938","-0.651886909221538","-0.660175875210246","0.081817622852","-0.0138330473166462","-0.00348166721446154","0.0923274191257231","-0.0623473875535385","-0.528657882923077","0.0197335438526154","-0.0125524016118246"
"7","WALKING_DOWNSTAIRS","0.270211697814935","-0.0187904887668182","-0.112492375388312","-0.577518324748052","-0.546403365345779","-0.456473642256981","0.681289120844156","-0.0420221452496753","0.0342160711928604","-0.956538178587662","-0.955312554090909","-0.923304724090909","0.0831829573168831","0.00760909767418831","-0.00791725696048701","-0.615131377408279","-0.622997416262013","-0.664336860544416","-0.0518716929407792","-0.0646077113078896","0.0977671721406169","-0.687155474097403","-0.652408657909091","-0.663340760331169","-0.0942037376182662","-0.0414401406082792","-0.0610307928148701","-0.701731200484416","-0.674920114957468","-0.750808705594156","-0.511312036747403","-0.510669879158539","-0.511312036747403","-0.510669879158539","-0.622815767680292","-0.550560230585714","-0.581899897967532","-0.598670795839286","-0.713191348337662","-0.658017844948377","-0.593011288564935","-0.563547785174026","-0.531005941495552","-0.572347541484091","-0.567046977262987","-0.460792123277305","-0.311790512382468","-0.0300713296399351","0.0146620852844481","-0.637521940243831","-0.641687333850227","-0.642515716574286","-0.626785744584416","-0.62853163071948","-0.684856438953896","-0.11978430017462","-0.239501714015909","-0.220260861049058","-0.643767578493507","-0.630419275006169","-0.655083354905844","-0.703883646896104","-0.671161922837662","-0.698949518905844","-0.134491772785779","-0.103884514547565","-0.0863412384825","-0.518323878824675","-0.583819796092208","-0.0106873745212792","-0.553360009658182","-0.550683254908442","0.108695730522532","-0.628877272791136","-0.650923648207792","-0.0352276334005552","-0.668879188156396","-0.668963362464935","0.0631920436939935","0.00269012793097403","-0.0101427330402597","0.0421957283409091","-0.0230124181622597","-0.525683267337662","0.108786539103896","-0.0334261884535714"
"8","SITTING","0.265556589446927","-0.0203467625075978","-0.105083983984358","-0.502699525770391","-0.242994007530726","-0.363216848830168","0.668092950782123","-0.0520150292813408","0.0331423877814525","-0.942988336793296","-0.944310386480447","-0.90610826224581","0.0917685399526257","-0.000987307582614525","-0.0259521865934078","-0.490335946581006","-0.380892233855866","-0.586457549364246","0.024738364749162","-0.103746700655866","0.0539935059407821","-0.624493083196648","-0.491024448864804","-0.380733150165363","-0.105480277744693","-0.0432248501716201","-0.056931431927933","-0.65030267946648","-0.621661472464805","-0.635224078368715","-0.360642734297765","-0.478154547792179","-0.360642734297765","-0.478154547792179","-0.443233657336201","-0.488311280762011","-0.384089748443911","-0.514821632079888","-0.620014686122905","-0.666549346351955","-0.504445575653073","-0.273860298597765","-0.437275160035196","-0.504753273667598","-0.276741161195531","-0.37644968660838","-0.26712969319162","-0.00293721608044693","0.065425414484581","-0.509945204702793","-0.415829212913966","-0.557209276761452","-0.516777773293296","-0.386874590900559","-0.615102142452514","-0.02383839148","-0.201155371167039","-0.123552518957542","-0.563925454569832","-0.490327494200559","-0.405833691139665","-0.645652378391061","-0.497536296659218","-0.43269229084581","-0.145670785473743","-0.176103534420279","-0.0679783688178212","-0.427111328334078","-0.59384213912514","0.123912840102179","-0.442103958836313","-0.558810587379888","0.27710509822905","-0.549477566316201","-0.578223176773743","-0.0436386705603352","-0.650017653313408","-0.714053548100559","0.224033151154749","0.0483405072725698","-0.0674796352050279","-0.060515090926257","-0.0184742289488827","-0.479573424413408","0.117893095777654","-0.0336143539944134"
"8","WALKING_DOWNSTAIRS","0.279888894852941","-0.014403708822451","-0.109837952176471","-0.723806131323529","-0.536087268205882","-0.738588327088235","0.61135636372549","0.174812965882353","0.172297590376696","-0.974031479117647","-0.955704837284314","-0.953141054215686","0.0709613313627451","0.00410267452715686","-0.00865086426392157","-0.726312934619608","-0.595313667764706","-0.812081913529412","-0.0335218219517647","-0.0688443220154902","0.0817994345244118","-0.711895541068627","-0.71118736525098","-0.740685576490196","-0.104074113676471","-0.0345947722803922","-0.0606706132745098","-0.718298543676471","-0.790882586666667","-0.802573968284314","-0.657841168134314","-0.687208716852941","-0.657841168134314","-0.687208716852941","-0.693970947105882","-0.698126595419608","-0.637885629840196","-0.698301555280392","-0.767707293078431","-0.802335816990196","-0.717635975238235","-0.552336636519608","-0.750519162588235","-0.726771337490196","-0.557507814862745","-0.753200784692157","-0.126333729927451","0.0776904128068627","0.136969622572549","-0.734992607029412","-0.636433504543137","-0.797096568","-0.742041896980392","-0.578323210437255","-0.825518178078431","0.10033073802451","-0.112740107555882","-0.0107560652519608","-0.667115725517647","-0.726177374313726","-0.73567597586598","-0.727260769441176","-0.705671882338235","-0.766796599313725","-0.0669687689637255","-0.114879037818627","0.000763289724901961","-0.661265500205882","-0.753064279735294","0.186252413454314","-0.682168739176471","-0.721947141656863","0.261743136914706","-0.71616765577451","-0.739249164401961","0.0126013250103049","-0.793654280423529","-0.828833099803922","0.223249497754902","-0.0184354981215686","-0.00493349062352941","-0.0195805678823529","-0.0068348142509804","-0.43677380245098","-0.0775312304117647","-0.105322863014902"
"9","WALKING","0.270313841621528","-0.0209466555412396","-0.101233826213889","-0.555656544538194","-0.5758878952125","-0.506111776081806","0.670845545555556","-0.0467446999509028","0.104353653032743","-0.958784666180556","-0.949938115208333","-0.920554317815972","0.0840171430291667","0.00678485848399306","-0.00102998088194444","-0.578305161360069","-0.678923872274306","-0.721610094569444","-0.0701318154561458","-0.0729884312991667","0.109092913237986","-0.676452392569444","-0.670498220701389","-0.587557692291458","-0.0892254930640278","-0.0397344421815972","-0.053402884281875","-0.7617108665625","-0.773273878854167","-0.744656038298611","-0.505183470509188","-0.553038255314792","-0.505183470509188","-0.553038255314792","-0.621608245092361","-0.608862145384722","-0.550201866572569","-0.663198385034722","-0.7629795809375","-0.786176892048611","-0.579258404408681","-0.610267804090278","-0.592119122804271","-0.547995744907986","-0.586766083232639","-0.501074006965903","-0.291349229752569","-0.0879003298041667","-0.0304334227664236","-0.621377141312847","-0.699766614569444","-0.702931927996528","-0.572819893733993","-0.679065855003472","-0.739139922708333","-0.219176266215278","-0.296107744084757","-0.290292303180208","-0.639863219559028","-0.683924287600694","-0.612680463163889","-0.690689895534722","-0.667203220760417","-0.619468634127778","-0.205909254584222","-0.240880440259861","-0.196153280691528","-0.553186448295139","-0.624456827182986","-0.00358269125034722","-0.609193721940625","-0.611619343190972","0.0983598303289236","-0.700863097986111","-0.697729432621528","-0.108828634535764","-0.786473954201389","-0.801296292638889","0.0927763736788194","0.00659605719583333","-0.01042791539375","0.0867843289590972","-0.0231028736559028","-0.558092529201389","0.116895184124306","-0.0898492623565208"
"10","WALKING","0.27684847392517","-0.017835790552415","-0.111301532185714","-0.537807711163265","-0.497405885644898","-0.614776952226361","0.642905730306122","-0.0740248544557823","0.0552047227876769","-0.965808126428571","-0.95452407255102","-0.938706428064626","0.0798108613061224","0.0129143257457823","-0.0113556967940476","-0.52938321427551","-0.540236619204728","-0.750729260772109","-0.0185023695936054","-0.0846403674590918","0.0910265011879252","-0.67390558227449","-0.591333155194558","-0.598142328621088","-0.108150829882313","-0.0424219983671769","-0.0555521277515646","-0.703243499727891","-0.768641779047619","-0.686800252738095","-0.502500207000204","-0.545348810631551","-0.502500207000204","-0.545348810631551","-0.57776193128833","-0.529340480130272","-0.521819802352381","-0.624408369413333","-0.734465805340136","-0.768821828979592","-0.532289464513605","-0.494651474235034","-0.655062273211565","-0.541170169070068","-0.532135172812313","-0.625871772082993","-0.156150832113776","0.0948129948809524","0.150687015615519","-0.547243039827891","-0.555104553563503","-0.721689700769728","-0.553403478735408","-0.556271725483333","-0.77916817122449","-0.0313012983494898","-0.148940675963605","0.0112385060119048","-0.620379208870442","-0.64835059542517","-0.567456661721769","-0.692654261914966","-0.565943677806122","-0.645947720476871","-0.0663150945743537","-0.0881515905938775","-0.0500743540119048","-0.518734046961905","-0.633196110969728","0.173253569411224","-0.515140810846939","-0.553027359614864","0.163072697936429","-0.661496552826531","-0.666014612598639","0.0120855942278469","-0.767780095068027","-0.787144257176871","0.153580253720748","0.00283330082659524","-0.00362373274343537","-0.0192203603939014","0.052032163887415","-0.502995312482993","0.140515434785034","-0.00499449004468367"
"11","SITTING","0.27658531139557","-0.0191272531933228","-0.108941761642405","-0.58947649779557","-0.490379346996835","-0.665324314227848","0.730526184936709","0.0527387028613924","0.140209861246835","-0.975394457689873","-0.957138770727848","-0.956812000411392","0.0830134540658228","0.0078044254343038","-0.00657424975259494","-0.659323083055063","-0.608784226719937","-0.842511816044304","-0.0547328440272468","-0.0582275770813291","0.087284109682356","-0.739922126628797","-0.703501766487342","-0.725016008797468","-0.0805473309873418","-0.0493914065474684","-0.0480140167267405","-0.781738140601266","-0.868377254082279","-0.795490882468354","-0.542825032813608","-0.612882270912658","-0.542825032813608","-0.612882270912658","-0.679819504547468","-0.664241760370253","-0.628367851066456","-0.696771378957911","-0.826829028481013","-0.866905012626582","-0.619524028324684","-0.531455265662532","-0.750026145791139","-0.579491754749367","-0.502570240243354","-0.652095671108544","-0.224360420717722","0.0318551463759494","0.0502783009075316","-0.676672987166456","-0.632374688606013","-0.825559590221519","-0.672195644346519","-0.609444998247785","-0.858259630601266","-0.0874254925382278","-0.242572597206013","-0.0992296316156962","-0.709949332117089","-0.776852868955696","-0.708842979272152","-0.751758277167721","-0.670892713066772","-0.75596062835443","-0.111874925112848","-0.181778028186076","-0.0810951668035443","-0.611528074359177","-0.674470159009494","0.12725035020425","-0.656133473274684","-0.676925075857595","0.158363551858133","-0.757585939588608","-0.711267219682278","-0.10978179348269","-0.864827011392405","-0.879254016740506","0.11789211326962","8.83961393987335e-05","-0.0188972160509494","0.0506339693060127","-0.0350857284535127","-0.536003019462025","0.0016523954113924","-0.0769066678984177"
"12","WALKING","0.27360872421875","-0.018337204411489","-0.106649116775","-0.583962207065","-0.522040023435","-0.699293531365625","0.69922245131875","0.029976775735","0.0330295544910625","-0.96738343446875","-0.9605729084375","-0.9468085636875","0.070430311315625","0.0053115377979375","0.0003081123684","-0.582418267596875","-0.571359817082031","-0.79262193625","-0.0628663472537188","-0.0592027333975","0.0960742146838125","-0.727881704983125","-0.73506282621875","-0.671057678528125","-0.0731134377315625","-0.043678823491875","-0.0574585039485312","-0.709726149496875","-0.8112325993125","-0.749351860259375","-0.559586545675313","-0.5743864944925","-0.559586545675313","-0.5743864944925","-0.6300504918575","-0.566365683597188","-0.63166805889875","-0.68485805678325","-0.77729447821875","-0.7863865328125","-0.578920210879375","-0.523287078731563","-0.7266403145","-0.586922577889687","-0.553076639139062","-0.709983235125","-0.183738216351156","0.0444598424159375","0.0689109866546875","-0.599109317756219","-0.591296422972219","-0.7754265825625","-0.602960063359688","-0.579168053712969","-0.80858300040625","-0.046619864264875","-0.204694170128437","-0.097564019993875","-0.661246826087188","-0.74479814778125","-0.657369914584375","-0.750393858303125","-0.7334567315","-0.70823315425","-0.084349829508125","-0.107309871566031","-0.064849391596875","-0.55928367746625","-0.65053328158","0.0755926577467031","-0.564239194378438","-0.571614888155312","0.126323612300937","-0.717311676745625","-0.719438065809375","-0.0455357170932187","-0.78990285099375","-0.7973614576875","0.0705873609285625","0.0167089409122156","0.016330803500625","0.118881574046188","-0.06449492227475","-0.5585710745","0.0284575941434375","-0.0097817870829375"
"13","WALKING","0.27456972840796","-0.0183337873806468","-0.108167276572637","-0.685015769826368","-0.570516379262438","-0.566126913374129","0.740673476960199","-0.106657735422886","0.0149105014577114","-0.966599756965174","-0.954139544527363","-0.931027952238806","0.0814934388044776","0.00147366212280099","-0.0192572187473682","-0.70494031299005","-0.671071052075522","-0.725278078975124","-0.0505002185575124","-0.0695801036455721","0.11224704484791","-0.773903734527363","-0.641849236631841","-0.683503760268657","-0.0894616084467662","-0.0438266734373134","-0.0584367238691542","-0.789537639900498","-0.677463150542289","-0.799175403681592","-0.604692369727861","-0.649879523726368","-0.604692369727861","-0.649879523726368","-0.685342743343284","-0.673907540048756","-0.622856960360199","-0.666735106552239","-0.726531313462687","-0.696233146947761","-0.69574524778607","-0.60075739602408","-0.62073053910597","-0.681675390293532","-0.58368124280796","-0.572491137735075","-0.22702116621194","-0.0758503614792537","0.00858453128457711","-0.722932607556716","-0.693516914701493","-0.711999947524378","-0.712892402850746","-0.66893984600403","-0.737149575771144","-0.0170542409290547","-0.209052512836318","-0.146155236153483","-0.736828557064677","-0.625975048920896","-0.688682979646766","-0.787260144975124","-0.656132589965672","-0.711815998059702","-0.143599726783582","-0.0462625370199005","-0.0899108322245721","-0.647360093049254","-0.706758161343284","0.0516989329004975","-0.668685326051741","-0.682496575521194","0.199763615146766","-0.667463924885572","-0.728456241741294","0.071257458941791","-0.692302573566667","-0.723677100534826","0.177820450069204","0.0016752363478607","0.0117320545930348","0.100335143427761","-0.0305243532850746","-0.518118486766169","0.153362188199005","-0.0119742916564677"
"13","WALKING_UPSTAIRS","0.278011397674603","-0.0165604410159524","-0.110679490349206","-0.52885689484127","-0.254675172748413","-0.620895906571429","0.661059461587302","0.060921785015873","0.0911859822215079","-0.968334171428571","-0.952585444126984","-0.951011098809524","0.0761624684928175","0.00771769445","-0.00132768837190476","-0.533522811499206","-0.407990456836508","-0.733517667539683","-0.065414645322127","-0.0490291271295238","0.077520202405","-0.621319630738095","-0.651917139603175","-0.579262193587302","-0.0859752421404762","-0.0444936160904762","-0.0580089014698413","-0.598100784936508","-0.785231557698413","-0.574793777611111","-0.436467135438889","-0.513244022742063","-0.436467135438889","-0.513244022742063","-0.529950774433333","-0.508697278718016","-0.514787204833333","-0.587917292174603","-0.690752641031746","-0.737297702619048","-0.548005258984921","-0.322313774246032","-0.644102525753968","-0.523175495801587","-0.269406255292857","-0.641383698960317","-0.214137056079365","0.03060426815","0.112761270669048","-0.55982076827381","-0.459487621861905","-0.708968145839683","-0.54864970950169","-0.391742519379365","-0.757065338968254","-0.0355892793674603","-0.28503079115873","-0.0798475568786508","-0.533916919283333","-0.680936401746032","-0.511657239412698","-0.650745026031746","-0.641835342539683","-0.644232062301587","-0.0632660588285714","-0.135410216602381","0.130322272915873","-0.498310419119048","-0.599280780396825","0.137987058531746","-0.509363582493651","-0.512713238301984","0.155897953080952","-0.627916082047619","-0.633623437833333","0.0487612127368254","-0.743563179047619","-0.748348646428571","0.124869841865079","-0.0147080002650794","0.0130052723579365","0.0837712542901587","-0.0231258606031746","-0.471344475555556","-0.00671248188095238","-0.0440231218422143"
"14","SITTING","0.270184596009288","-0.0162548178510526","-0.100985935692074","-0.611671118216099","-0.374730765205077","-0.29354271467452","0.672081224882353","-0.111701388781115","-0.161179728291022","-0.941245714736842","-0.942377305312693","-0.915927846160991","0.0741757467665015","0.00443682723817957","-0.00253044692473994","-0.641964198633003","-0.586459622773684","-0.656855586102105","0.000253671358297214","-0.0954921154823529","0.0606712446996904","-0.728661379340557","-0.398959362766099","-0.364478192502167","-0.107556127062003","-0.0433200489340217","-0.0450693836894427","-0.7862917325387","-0.6979155314613","-0.638299064788854","-0.453262620331889","-0.474058613408978","-0.453262620331889","-0.474058613408978","-0.608973420309907","-0.605144269857245","-0.416459776709257","-0.471486714606811","-0.700520939854799","-0.727023009383901","-0.619513271851703","-0.455237617000929","-0.440650672343653","-0.609406374110062","-0.376829989404644","-0.275013722171486","-0.319171141631269","-0.15308350824613","-0.107844299474303","-0.654385009392879","-0.598699531399381","-0.618712162187307","-0.661460356953251","-0.60215894382322","-0.694424996467802","-0.148657336754489","-0.305355379229102","-0.239200679844272","-0.699166400749226","-0.50463317018839","-0.42391821438452","-0.740052209854489","-0.348864187370186","-0.407672097170898","-0.241341060754489","-0.345434763249536","-0.212818474897214","-0.490874179820433","-0.548269930770588","-0.0600681274123529","-0.596896308848452","-0.619215144539319","0.137239545472136","-0.543030528985449","-0.516930495917399","-0.138544755393189","-0.717590101802972","-0.760560087962848","0.0907579516695975","0.0322300415756966","0.0224016793242724","-0.0525746015359133","0.0278351930258824","-0.41886828720743","0.157115290074303","0.121501628916409"
"15","SITTING","0.27821340725","-0.016464484771311","-0.112563587594512","-0.556541173089329","-0.481679537956006","-0.705706623868902","0.688872511512195","0.102660491875","0.0372897701757012","-0.968733398628049","-0.956369493993902","-0.947240058048781","0.0776897411304878","0.00489392052706402","-0.00440993190077744","-0.624055782158537","-0.594312678045091","-0.825820881576219","-0.0281278780610671","-0.075878845519878","0.0906658516","-0.696859473045732","-0.708779069191463","-0.721826987530488","-0.0960910108539634","-0.0441270690182012","-0.0555645456881098","-0.731382711036585","-0.853956592073171","-0.795626198384146","-0.527285352000488","-0.557147874176037","-0.527285352000488","-0.557147874176037","-0.654799694757531","-0.625660376546646","-0.617721779796037","-0.675336960047866","-0.805282669512195","-0.837120078079268","-0.583772317445122","-0.507735205778384","-0.741745724698171","-0.547150855443902","-0.501568435233384","-0.711431340356707","-0.218637119967988","0.0505085375937378","0.0424519595017988","-0.643469519361585","-0.609408057377744","-0.805543465588415","-0.637655155092835","-0.605854882622652","-0.845111060762195","-0.0490273566650701","-0.197408729697561","-0.0737834470521341","-0.664354428856402","-0.760711411006098","-0.711194539920732","-0.709336168176829","-0.684504735744512","-0.751696527195122","-0.143256673841646","-0.222137469043902","-0.0579760577340244","-0.562948391223628","-0.623655618198171","0.0614279187379573","-0.614817605125915","-0.643101167069512","0.1584042182","-0.732394493841463","-0.695346839682927","-0.149680864646374","-0.83680189402439","-0.849634463841463","0.0955564233589329","0.0134188448537683","-0.0123872455271341","0.000727811597256099","0.00667519244222561","-0.522572017743902","-0.0283465809658537","-0.00396904339878049"
"16","SITTING","0.277887440374317","-0.0158567888309016","-0.107263924445355","-0.668161498298634","-0.649947067892896","-0.603819902386066","0.700906130308743","-0.0605235993797814","0.0402075536234973","-0.971156432131148","-0.964727519945355","-0.945294028639344","0.0775488885374317","0.00884018328270219","-0.00143730005564208","-0.72786174352459","-0.735080198043716","-0.767873049380055","-0.0122341446725137","-0.0724444803980874","0.0730144651530055","-0.799534450491803","-0.810124133715847","-0.737629967961749","-0.107361614801257","-0.0416615668939617","-0.0539470410873497","-0.858298719153005","-0.86957312057377","-0.837039926065574","-0.616131116889044","-0.661719690491803","-0.616131116889044","-0.661719690491803","-0.725246870486339","-0.719647028238525","-0.718168775628415","-0.78482286579235","-0.860446372459016","-0.87480016568306","-0.700885147341803","-0.671572147098798","-0.660989948160437","-0.656969045058415","-0.661844530506831","-0.605646725307104","-0.238570460241803","-0.0276434719766667","0.0278234635724863","-0.744662041612022","-0.748627001551913","-0.752302172079235","-0.73477673661306","-0.738434398105465","-0.782089515344262","-0.0318889109278689","-0.194511969031749","-0.170592442202459","-0.789780147036612","-0.815962130027322","-0.756286641721311","-0.804991831502732","-0.809421448142077","-0.756993640724044","-0.137899091231284","-0.158018408842896","-0.0538946293731967","-0.666962508246721","-0.712680990765301","0.0558668214710383","-0.713167613706148","-0.729869398769672","0.221683632275519","-0.81712881920765","-0.802078223409836","-0.0501221341519126","-0.87277228273224","-0.886533212213115","0.153211239562049","-0.000582754422021858","0.020561870829235","-0.0263301018843443","0.0351066626505464","-0.514965036584699","0.125280842806284","-0.0344521193606011"
"17","SITTING","0.273637590822641","-0.0170634745358491","-0.110020373493849","-0.726604261136226","-0.69873479216917","-0.710765044595472","0.730643531509434","-0.0102539504528302","-0.0471562589226415","-0.974188029698113","-0.960680171396226","-0.951424468113208","0.08269047086","0.0101653131381132","-0.00319385465792453","-0.772242200222642","-0.757804094798868","-0.847138698264151","-0.0195846188778264","-0.0788830552372755","0.0795935694916981","-0.841458331660377","-0.809718432867925","-0.803762797404906","-0.103491347726038","-0.0404391298567925","-0.0527108136213208","-0.863912821132075","-0.839339477584906","-0.871264414301887","-0.686476820794717","-0.734866170311698","-0.686476820794717","-0.734866170311698","-0.775760563254717","-0.773678225276604","-0.764675748217547","-0.828039129471698","-0.849786178792453","-0.853886196264151","-0.753137376917472","-0.71776713364234","-0.768188725064151","-0.717246389161509","-0.707786998338491","-0.703535011771698","-0.160718621075849","0.0208821228781509","0.0370356393128302","-0.795381704024528","-0.78156625029434","-0.841547003622642","-0.769088735749811","-0.748849195189811","-0.851399694716981","0.0126512379766038","-0.10190070131366","-0.115113845837057","-0.824027081279245","-0.811462499433962","-0.811119726490566","-0.848030070792453","-0.810337474226415","-0.819769971150943","-0.059020031084","-0.0667326429824528","0.00235080736377358","-0.740667048686415","-0.773237749395849","0.0627219883592453","-0.774571437356604","-0.774295791032453","0.281171213758491","-0.831350432716981","-0.857834029660377","0.0374161974955094","-0.858227314377358","-0.859786587471698","0.281467707390189","0.017018302036566","-0.0105608549981509","-0.00414187174113208","0.0223599476939623","-0.53310254245283","0.0842468556113208","0.0405327601301887"
"17","STANDING","0.275037981747573","-0.0187717447257282","-0.107088805592233","-0.304479616925534","-0.228089685806311","-0.531472983009709","0.617363413009709","-0.0226900198058252","0.0580703614466019","-0.965554761165049","-0.95399856","-0.942902394563107","0.0781014953038835","0.00417793025524272","0.0178740909208738","-0.451978216757282","-0.439429524492233","-0.726380614368932","-0.0020206535223301","-0.0925593320679612","0.070416774513301","-0.546889652912621","-0.649472681941748","-0.507141368174757","-0.1190789103","-0.0359117110547573","-0.046061223208932","-0.594076501359223","-0.791639479029126","-0.646130191067961","-0.264493090446019","-0.38190167633301","-0.264493090446019","-0.38190167633301","-0.49245284776699","-0.488811102621359","-0.448515068843689","-0.54973870607767","-0.70920322631068","-0.751595678058252","-0.391007680050485","-0.303228505325728","-0.592258642912621","-0.275159715456311","-0.240259282249515","-0.535926804466019","-0.395001577563107","-0.0347901806640777","-0.0682883947598058","-0.514200830776699","-0.471405087165049","-0.702142109223301","-0.438446827908738","-0.442691766859223","-0.749224504951456","-0.318038613203883","-0.315319484707767","-0.284004308543689","-0.483478201703884","-0.680278572427184","-0.51006755184466","-0.569447478654369","-0.635261543786408","-0.552993218601942","-0.137917541273301","-0.209808381119417","-0.121330295766796","-0.403114961887379","-0.467044577843689","-0.0344212493420388","-0.499479367087379","-0.48239671884466","0.0497346350314563","-0.610365070582524","-0.587723691067961","-0.0788175889902913","-0.754248213883495","-0.766587678058252","0.107560299408738","0.00463999938640777","0.0172698653970874","0.0648545546213592","-0.0177057152427184","-0.398060489029126","0.0767840081553398","-0.028100454223301"
"18","WALKING_UPSTAIRS","0.276324152142857","-0.0172831546595266","-0.108112251068681","-0.694616884972527","-0.627117507326923","-0.701596039615385","0.716863248351648","-0.01578199625","0.0899901746593407","-0.980138675796703","-0.969542030412088","-0.959434177692308","0.077480921531044","0.0128850449171841","0.000848545124184616","-0.734644450054945","-0.732969175274725","-0.847257765851648","-0.0373993798891484","-0.0678200104982143","0.0908402866868132","-0.804533729046703","-0.777361713653846","-0.745612483131868","-0.0944029581558242","-0.044169186546978","-0.0568482569002198","-0.842893477884615","-0.884050472967033","-0.83861466293956","-0.658370952115385","-0.689671890376374","-0.658370952115385","-0.689671890376374","-0.753904676895604","-0.745212812708791","-0.714735668626374","-0.775779058758242","-0.859899942335165","-0.88856533728022","-0.714227764615385","-0.663659666593407","-0.761229192087912","-0.687850549203297","-0.632838238002747","-0.694874090513736","-0.210288060037014","0.0142017941035714","0.0023794571910467","-0.750020077252747","-0.744113444532967","-0.833032083021978","-0.742517893708791","-0.739197834642857","-0.860168954615385","-0.0691387922027473","-0.211800163516401","-0.123235904056044","-0.787757637521978","-0.816385880247253","-0.755926770686813","-0.812175241332418","-0.759665554340659","-0.766381665384615","-0.11359630596717","-0.245477245070522","-0.0890927881274725","-0.697732862178571","-0.733904051236264","0.0911071722096154","-0.742323821887363","-0.750189976318681","0.224596545546272","-0.816286626730769","-0.789777674554945","-0.0573696679480769","-0.88466302260989","-0.902206780607143","0.193231486725357","0.00995335628557692","0.0169548311400824","0.0171416802197802","-0.0414626090980769","-0.521265323901099","0.0760076364757418","-0.0521704223928571"
"19","STANDING","0.269723487105556","-0.0182031515710306","-0.118277180099383","-0.574658922919194","-0.507035084992639","-0.649184726556944","0.475323016","0.0964052626666667","0.233011401195083","-0.958290447861111","-0.95925383425","-0.94180028475","0.0774171147766389","0.0115812421960876","-0.00186198850195833","-0.571088266146083","-0.571311190432222","-0.705342976190833","-0.0385723953346511","-0.0681420603177778","0.0883609591559167","-0.637789914575556","-0.643866300560306","-0.645682212189167","-0.0895939425055556","-0.0383208736670278","-0.0569649444286944","-0.618836206634444","-0.725991380623889","-0.686684583831583","-0.531507362111361","-0.599552767486306","-0.531507362111361","-0.599552767486306","-0.5762252472125","-0.601918552871944","-0.548919668132222","-0.610093380740278","-0.683436541824444","-0.7255986988425","-0.587050355097528","-0.521888076609778","-0.647026298284028","-0.5708979748225","-0.530901585022361","-0.680291382637222","-0.212433282953944","0.0703873634217222","0.160383893888278","-0.593157169174611","-0.596694943936944","-0.680924493180556","-0.586910128980833","-0.572596722878","-0.728521901498861","0.00263882956916667","-0.160787596137611","0.00225579910068611","-0.553089575942778","-0.641337299817778","-0.602625307818389","-0.666071315599889","-0.650105402347778","-0.694729075491667","-0.0321842609068333","-0.19629760694","-0.0415013769106389","-0.556404444967972","-0.689860920113889","0.115775170635767","-0.576064647812278","-0.641089005857778","0.232074775101389","-0.636287999799167","-0.662325968145833","-0.0199336248458333","-0.719519008752778","-0.754223739441667","0.128629739389444","0.00253824381730556","0.00371223512405555","0.0315544716051111","0.00103397442222222","-0.297667818083333","0.00151612316111111","-0.156363049583333"
"20","WALKING_UPSTAIRS","0.268425757926554","-0.0175912993773164","-0.108029145824294","-0.60484669490339","-0.369336706508757","-0.634787346548023","0.628040637177966","-0.0373059475847458","0.10723075947935","-0.958201862627119","-0.952506793418079","-0.940981537502825","0.079818125480791","0.00220928707107345","-0.00450611895602542","-0.627098830685593","-0.527174601581921","-0.747362572898305","-0.0242488811785028","-0.0789448418069209","0.0856280628860452","-0.684586332415254","-0.573677383024548","-0.52727797039661","-0.094982179135","-0.0414356124141243","-0.0543001277610169","-0.698354145936441","-0.684280685533898","-0.636715878557062","-0.517257429345412","-0.572325820319209","-0.517257429345412","-0.572325820319209","-0.619698756735028","-0.588644307467599","-0.516861235888701","-0.580023613494576","-0.684048497355932","-0.683503744537853","-0.612641113666949","-0.426398722000395","-0.665006945724294","-0.60314894923565","-0.381534028764124","-0.647515612457627","-0.228177936580508","-0.0114411446707345","0.0779615448683983","-0.652264226931438","-0.557791286001412","-0.732835648957627","-0.634710081102825","-0.525907610282373","-0.760509114748588","-0.0946565249276271","-0.295851375876469","-0.173772101164407","-0.626445370827119","-0.591039733449633","-0.518444509491525","-0.704481841200565","-0.567588605842655","-0.575002191142655","-0.152974668730028","-0.197281081362486","-0.138316973455706","-0.560278889421186","-0.648306198707062","0.0604926209205932","-0.584571446817062","-0.597351046813729","0.0872234701100565","-0.606970915061638","-0.635816314618644","-0.0676712910494915","-0.692638075749774","-0.694680032329943","0.0504291443716384","0.00192632781036723","0.0110640593841525","-0.00611060712146893","-0.0174196998234463","-0.429101555988701","0.0836654426771186","-0.0570081125429944"
"21","STANDING","0.277466525522059","-0.0176664578561765","-0.10877848058848","-0.672323867377451","-0.565585190336299","-0.669621813176471","0.645775957808824","-0.0750963071446078","0.0321851774362745","-0.965586634460784","-0.969330818455882","-0.953093993308823","0.0822207874776961","0.00350107553584853","-0.010659072671299","-0.699763344205784","-0.66515912310562","-0.78182390148299","-0.0276346639303578","-0.0784719736838971","0.0861212668362745","-0.79617228689951","-0.765057760637255","-0.701642028499559","-0.100558317889216","-0.0408236141863333","-0.0533861046416422","-0.792483156720588","-0.815859336004902","-0.812017312181373","-0.620309259553676","-0.6601960145","-0.620309259553676","-0.6601960145","-0.703461275879657","-0.680069218953922","-0.693779224517157","-0.761303119652451","-0.807817403137255","-0.82408989995098","-0.693486097144118","-0.59377821414902","-0.707713799021814","-0.665349663426471","-0.578748586831863","-0.675588192778676","-0.230976168156039","0.0412761403403333","0.0495520452825172","-0.71641413145049","-0.678615118728922","-0.767351986555392","-0.709800728388235","-0.674102360655147","-0.794922813673627","0.0168697571497059","-0.161814485722304","-0.112817222676985","-0.752040828651961","-0.759325714811275","-0.709471420465686","-0.811026710110294","-0.771388318823529","-0.728319304730637","-0.089010657789951","-0.18645796643924","-0.0228851873218137","-0.658664719514706","-0.714345739215931","0.0846512609471814","-0.679742584809363","-0.683725127418382","0.244321861877647","-0.776473060171569","-0.793158526279412","-0.00571922625735294","-0.826275026053922","-0.834949863259804","0.205643655933971","0.0120749006444118","-0.0146502110504902","0.0140122661183824","0.0220888939914216","-0.413916194215686","0.128426547916667","-0.0191761331715686"
"22","STANDING","0.274767690046106","-0.0168273604077383","-0.108670376782866","-0.546089975548692","-0.491188426241526","-0.65508967878972","0.609390874922118","0.0315098683115265","0.23588786398215","-0.95850446411215","-0.957323093436449","-0.939081026109034","0.0791031130417757","0.0152572466619626","-0.0072287329753271","-0.584963756862305","-0.560470117123364","-0.760468444299065","-0.00800630644716511","-0.0949661116922118","0.0812406584647975","-0.695919202960436","-0.784052281090343","-0.654458016208723","-0.109257561827445","-0.0384616223750156","-0.0582144293519003","-0.708898710199377","-0.859924419844237","-0.742272774987539","-0.504099198287601","-0.595953853592586","-0.504099198287601","-0.595953853592586","-0.609772829890966","-0.589823140414673","-0.637666108456075","-0.67637856158162","-0.794681311214953","-0.82649344800623","-0.594929652065732","-0.508172778206231","-0.687320961149533","-0.528958812567601","-0.51558097336324","-0.665516999699377","-0.181031984073891","0.0371992326304984","0.0806295666361371","-0.60425320237352","-0.574318114038941","-0.739701808286604","-0.602457991412617","-0.576391814080349","-0.780252702647975","0.0665521438309969","-0.178425080835514","-0.0467691789252336","-0.639575654479751","-0.79139974588785","-0.643363339819315","-0.714977903442368","-0.782046079563863","-0.690679448900312","-0.164138008195857","-0.200741314631402","-0.0516302487909034","-0.574333164853583","-0.673896212809346","0.103277150317358","-0.585442501515888","-0.599286879114019","0.161936362996885","-0.728166770031153","-0.699600086233645","-0.131615440167913","-0.830191956697819","-0.835597218255452","0.119560563802492","0.00591975838286604","0.00405797775392523","-0.00889544131713395","0.0222007955298131","-0.428060520436137","0.0511206787626168","-0.163514653203115"
"23","STANDING","0.273493254730108","-0.019589258786828","-0.109093982385242","-0.622594039757258","-0.532078546615699","-0.450557203409946","0.662324737580645","0.0146209197354839","0.0518662466372043","-0.964393040295699","-0.960318907096774","-0.934236146612903","0.0778588215843817","0.0200470964972984","-0.000717680881887096","-0.608183751830914","-0.61898123051828","-0.603048769571532","-0.0220890418013172","-0.0825972963754032","0.074694942324328","-0.755738625241935","-0.500338191139785","-0.609683451821774","-0.0966990737225806","-0.0432722741798387","-0.0621959093526344","-0.728692138333333","-0.546043593651882","-0.740518145887097","-0.532754757205108","-0.56557562579215","-0.532754757205108","-0.56557562579215","-0.58640067170914","-0.55872531418629","-0.544207964433387","-0.541949073660753","-0.623412641977151","-0.573942888021613","-0.599080886430645","-0.548483208943548","-0.49021281618414","-0.633839114436559","-0.554471679592177","-0.474767543716048","-0.20872442068086","0.0297877248998253","0.0899843792518548","-0.617521836605645","-0.628231338392742","-0.578870810235484","-0.635054351475538","-0.636977610060753","-0.627540367652688","0.0173580639424731","-0.124670179855","-0.112528879362903","-0.685136501518817","-0.497783811010484","-0.617685416736559","-0.779197054064516","-0.50785054741371","-0.644131036807258","-0.0251692798377688","-0.0592724696043011","-0.0229424899271505","-0.529029284118011","-0.657048917971505","0.11533518491586","-0.542663319457527","-0.583832309145968","0.202553279152177","-0.534657191683602","-0.632288527203763","0.154723197790323","-0.584111049810215","-0.593735302105376","0.169185024505108","0.00499252114895161","-0.0112360231368817","0.0121649142389785","-0.0178096428516129","-0.503722187822581","0.0709910591236559","-0.044001828733871"
"24","WALKING_UPSTAIRS","0.276767046391076","-0.0176822460103885","-0.107914503687664","-0.675459176298425","-0.582490655185302","-0.636497458900262","0.69498126808399","0.0729509702152231","0.0623227714146982","-0.975329699658793","-0.96089816664042","-0.955724566194226","0.0784735003467192","0.00396900308574016","-0.00700960558805774","-0.74030054488189","-0.685979796261942","-0.736374232574803","-0.0212578096847769","-0.0782440202677165","0.0841740375981627","-0.776199049939633","-0.763365457296588","-0.708251676335958","-0.0998294248142257","-0.0390749421383202","-0.0552987683401575","-0.764490030609974","-0.792718702440945","-0.796816516614173","-0.620032665162467","-0.650862147810236","-0.620032665162467","-0.650862147810236","-0.713667423769029","-0.689391189346457","-0.682447212750656","-0.742983126606299","-0.791646550787402","-0.788997850813648","-0.707613779580052","-0.611509042586877","-0.65585899482231","-0.664356691751496","-0.594676790059055","-0.655360521446194","-0.263352298517585","-0.0176079240963255","0.0812580797481102","-0.752245372493438","-0.703641614506562","-0.719655747391076","-0.751378154304462","-0.688280461860892","-0.751628687821522","-0.0570423475325459","-0.23113163252252","-0.13977119240315","-0.722607377748032","-0.753710479580053","-0.70948857687664","-0.794063529133858","-0.771969808976378","-0.735749934304462","-0.0501078590267979","-0.0975347609866142","-0.0556407394121785","-0.650121872273806","-0.705928425819685","0.0236300571840945","-0.696845583388451","-0.682447145993307","0.198422013108136","-0.754131617480315","-0.782076276167979","0.0194486014291864","-0.795019165380577","-0.796157264514436","0.161739608926982","-0.00231723415711286","-0.0124784211089239","-0.0139827364349081","-0.0030034683175853","-0.545993623779528","0.0198668428905512","-0.031230921055643"
"25","LAYING","0.281587895671642","-0.0232940871262687","-0.111342868820896","-0.35449578219403","-0.122076968631343","-0.358563807910448","0.95220845","-0.16165490480597","0.0466790853059701","-0.967471422238806","-0.944533584477612","-0.912598794925373","0.104281423896716","-0.00154458795223881","-0.015790759761791","-0.550905335373134","-0.439023398955224","-0.730473943880597","0.0446095071791045","-0.114724830571343","0.0844635376626866","-0.352327987776119","-0.447250805820896","-0.495293246716418","-0.114935814892537","-0.0380204553547761","-0.0541320693262687","-0.508540971940298","-0.794738742238806","-0.642143695522388","-0.242882056238806","-0.355656243895522","-0.242882056238806","-0.355656243895522","-0.544945887313433","-0.543349355671642","-0.234817039132836","-0.349989404771642","-0.682856995671642","-0.722952022835821","-0.436034489253731","-0.227198247731343","-0.536272947910448","-0.326181856286567","-0.126670021822388","-0.32338945780597","-0.497235523358209","-0.253491712955224","-0.260071893656716","-0.563297812686567","-0.477200653134328","-0.708871252238806","-0.579391492537313","-0.43525080158209","-0.750957549701493","-0.358419952002985","-0.592881836119403","-0.465823000880597","-0.308711959208955","-0.595633568656716","-0.489308655223881","-0.372271685656716","-0.377961868955224","-0.544200300298507","-0.319921454716418","-0.438329323249104","-0.229658512152239","-0.381844136656716","-0.441953191044776","-0.146913785820896","-0.529074730447761","-0.566815624477612","0.0503573530673134","-0.482637288955224","-0.379517451373134","-0.229709713507463","-0.725791752835821","-0.739360746865672","-0.0470207701531343","-0.0268406573846269","-0.0493249464179105","-0.126657072537313","0.0216170283582089","-0.834149160597015","0.195016712238806","-0.0109173108985075"
"25","STANDING","0.274069916107602","-0.0185440541740351","-0.109293279122807","-0.787137363888889","-0.611614171529825","-0.703620787552632","0.617567726023392","0.0880683538245614","0.276947228143363","-0.946597675643275","-0.892577652526316","-0.874429690055556","0.0773547777173392","0.00794005842154971","-0.00927954163523684","-0.845000271081871","-0.778038380964912","-0.886175506608187","-0.012304898377193","-0.0778616409423099","0.102279039896287","-0.747938599023392","-0.81201447497076","-0.796801556871345","-0.106956810491754","-0.039178116686345","-0.0558615330477193","-0.819645866695906","-0.92376429619883","-0.869013091578947","-0.650083046388889","-0.718445536415205","-0.650083046388889","-0.718445536415205","-0.830168934298246","-0.826901775204678","-0.702316028245614","-0.750813458773684","-0.882302748976608","-0.902127701491228","-0.809614156959064","-0.673067384719298","-0.778129476754386","-0.779480419415205","-0.607896348903216","-0.690335623204386","-0.269321669180702","-0.0802747156533918","-0.0380857279500585","-0.851328086169591","-0.792166122660819","-0.877055875847953","-0.852442084853801","-0.777826411520468","-0.893968784502924","-0.0622812985774854","-0.299728712188509","-0.19062630041307","-0.743406970894737","-0.85574348497076","-0.797282735263158","-0.752721567766082","-0.791294122017544","-0.815681379766082","-0.18559691126345","-0.33167552772924","-0.116622904344298","-0.756372819397661","-0.745013505982456","-0.0222149185930117","-0.828189280994152","-0.826006345409357","0.19131331704117","-0.807444065877193","-0.759451745578947","-0.219078843122865","-0.905391691608187","-0.904819432807017","0.0655966106445029","0.00379725230204678","0.065914924894152","-0.00710524585438596","0.0225361273345614","-0.449389731374269","-0.00144424863450293","-0.188573808675731"
"26","LAYING","0.2730365808625","-0.0161687277463495","-0.107637894928571","-0.623101031168367","-0.585967142418112","-0.70498062744898","0.615123534668367","0.10870478277551","0.234107010472449","-0.96781789994898","-0.959713562227041","-0.955643363545918","0.0808743261341837","0.00767709978181122","-0.00724891943768878","-0.682815652993112","-0.678386582086227","-0.778349460841837","-0.020659932105102","-0.0827415060904082","0.0917853294044643","-0.766673970339286","-0.800675471045918","-0.703347205619898","-0.0988125627461224","-0.040476400288852","-0.0558282743354031","-0.732321370690816","-0.836112175331633","-0.773101524821429","-0.600932264175765","-0.620355788665816","-0.600932264175765","-0.620355788665816","-0.694917859209184","-0.677426336392347","-0.694597662936224","-0.751833690215051","-0.798325916709184","-0.818279112908163","-0.65109030186199","-0.610425833240306","-0.724046087155612","-0.61349959767602","-0.600274809826275","-0.718490475765306","-0.222545825808673","0.0360382137913265","0.142429401875406","-0.699413168295663","-0.696726473912755","-0.76956529125","-0.694314518927551","-0.6803580612","-0.78604912494898","-0.0238396622303571","-0.168914575347832","-0.0850462848380867","-0.703109561068878","-0.799353075357143","-0.689404846813776","-0.78740310059949","-0.803635337372449","-0.735942384438775","-0.0167778610493112","-0.0997774465610969","0.00293652401732143","-0.6317569828625","-0.673917799546684","0.0883286687093878","-0.679278323637755","-0.678025758312755","0.180460663889796","-0.770504884821429","-0.782624320831633","-0.0121587278753342","-0.823865297193878","-0.823991408418367","0.147533706980564","0.0216677426573214","0.0168646176131633","-0.0175910559287245","-0.0116245003683418","-0.482703779359694","-0.0100548626237245","-0.149815525406097"
"27","LAYING","0.277264567074468","-0.0167969215592152","-0.110848300413564","-0.660976085218085","-0.630460488658511","-0.68321532587766","0.627230079867021","0.032242387143617","0.14116869604876","-0.974620173404255","-0.972505174787234","-0.959200394414894","0.0768320396617021","0.00617714992829521","-0.00495000607441489","-0.700549974357447","-0.674792293475665","-0.783632076781915","-0.0608887602789628","-0.0552177945716489","0.108947089653191","-0.795853557018617","-0.802048718989362","-0.674128512103723","-0.0893066039356303","-0.0450414487725798","-0.0586254676047872","-0.8210758325","-0.837320211489362","-0.782945588829787","-0.627947737417819","-0.677874152031915","-0.627947737417819","-0.677874152031915","-0.70180744799867","-0.696003354282979","-0.694016019806117","-0.754713306440957","-0.823067662473404","-0.837212879564096","-0.681454795855319","-0.641267840429521","-0.715482857547872","-0.654659392263298","-0.649506674776596","-0.692130765962766","-0.170304284611436","0.0959656106490425","0.133213659481649","-0.714554678365692","-0.694509658473138","-0.76857445225266","-0.712857956529255","-0.675744794384308","-0.797303408218085","-0.010461749626117","-0.115922114097074","-0.0681591510367021","-0.768505711292553","-0.795433953608777","-0.702788513114362","-0.806288410297872","-0.808791849202128","-0.697147299066489","-0.089165360111383","-0.0526592695792021","-0.00708333609679521","-0.667185803946808","-0.734883056953989","0.191781299814787","-0.688572791044947","-0.707531366315426","0.246742199214894","-0.785953610106383","-0.777810418832447","0.0114867378614096","-0.837585999827128","-0.848260021656915","0.203684998121436","0.00102764619013298","0.0165222288067287","0.0551370753053192","-0.0548551892077128","-0.464214148670213","0.0548380722978723","-0.0984576958632713"
"28","LAYING","0.277532554764398","-0.0191721442063089","-0.109710873104188","-0.649040391307853","-0.573651895933508","-0.685821415026178","0.62376789513089","-0.14757775521466","-0.0469931021049738","-0.973873328062827","-0.960365626256545","-0.946225637251309","0.0807263062382199","0.0138224436546073","0.000824208324801046","-0.680813725392147","-0.651619848945026","-0.800870581884817","-0.064496354556466","-0.0471474023101021","0.100840281329581","-0.740276591873298","-0.741285540196335","-0.669789662889791","-0.0881213551172775","-0.0447972595862042","-0.0607680707408115","-0.720515676293194","-0.825038783246073","-0.769755981125654","-0.610030902501309","-0.635821226515969","-0.610030902501309","-0.635821226515969","-0.689429387759162","-0.687703433627487","-0.648538641430367","-0.710956808836911","-0.78929494326178","-0.805738383010471","-0.654156519193717","-0.584932500113874","-0.715134474431937","-0.647807192984293","-0.595110472615916","-0.695767279528796","-0.217894722988743","-0.0652270030997382","0.0189878861753927","-0.686723799059424","-0.670718095926963","-0.779061720358639","-0.704073382410995","-0.654855915271466","-0.821715494424084","-0.034209736104712","-0.277563092237149","-0.126061027159817","-0.674356656020942","-0.747067907931937","-0.673513886890838","-0.762030978010471","-0.740819453429319","-0.700291282881152","-0.151644339683717","-0.270613215077225","-0.0896917400047906","-0.628763247405236","-0.696993999667801","0.0179948502780366","-0.675428720467801","-0.706415829342932","0.173610396659424","-0.73790809206911","-0.743784612693717","-0.122999827523272","-0.806882151753927","-0.818448508376963","-0.00200923842099476","0.0051397456891623","-0.00901140259397906","0.0480755265267016","-0.00150494933062827","-0.437369402670157","0.182743741320916","0.0624075363685864"
"29","LAYING","0.279111521944767","-0.018471953048314","-0.108675612269477","-0.574295395364826","-0.598400275636657","-0.606461283926453","0.683067625610465","0.115489757911628","0.208215370043721","-0.973282885843023","-0.964643161017442","-0.941621790232558","0.0788382324713372","0.00900161248883721","-0.00355290542467733","-0.623456414216366","-0.635499779848779","-0.793746797790698","-0.0101831910869331","-0.0882883296441861","0.0881626266546221","-0.73469927369157","-0.634569173421512","-0.713864583982558","-0.100707751809855","-0.0464322029527616","-0.052785999031686","-0.736117664139535","-0.853639613139535","-0.770221314302326","-0.553585593347965","-0.579067216088081","-0.553585593347965","-0.579067216088081","-0.664538060484884","-0.620472049862791","-0.602228993700349","-0.653732301592151","-0.802293906366279","-0.840156364186047","-0.579901000186134","-0.587686308146221","-0.680547675465116","-0.5727879490375","-0.630978844851831","-0.602550925183721","-0.165350787567733","0.128076957523023","0.0886270605992151","-0.629875853152035","-0.641289075786337","-0.768433928313954","-0.651564188964826","-0.655526116655523","-0.818292780813954","0.0107764076990698","-0.0815611305061628","-0.00952646181569767","-0.685747413486628","-0.735972301656977","-0.689221357718023","-0.752567831707849","-0.588857987485174","-0.749163172296512","0.00201044246625","-0.253940049719767","0.0203516079320058","-0.589294014734302","-0.639314176054942","0.162765300930698","-0.609879937469099","-0.636434470547384","0.227450813250137","-0.722018434984302","-0.671454324368401","-0.0446469221483721","-0.840464164156977","-0.851462426569767","0.212434137252471","0.00843199681639535","-0.00445131495703488","-0.0431070383319767","-0.000946753019534884","-0.560722156395349","-0.0159365438755814","-0.131056819056395"
"30","LAYING","0.276305836721932","-0.0175856077340209","-0.10589355727859","-0.615890785389034","-0.519047387875457","-0.522643273772115","0.696858200678851","0.0512698188974987","0.184343178348037","-0.974319118563969","-0.952288292767624","-0.92943263464752","0.0734799270148825","0.00730438257971279","-0.000653871890373369","-0.679007254150131","-0.6607705539047","-0.781644485013055","-0.0354229280326632","-0.0717482452402089","0.0834544586693995","-0.671005846122715","-0.538990663942298","-0.589783442185379","-0.0926769005274151","-0.0412903779669452","-0.0493556177875196","-0.780636429556136","-0.79894807305483","-0.76322854691906","-0.538131194183003","-0.588158111633681","-0.538131194183003","-0.588158111633681","-0.697050126998956","-0.658972148093473","-0.510032754098198","-0.573779428671018","-0.785870931331593","-0.810398514673629","-0.635650125322193","-0.55849001001906","-0.634958546900783","-0.609238911508407","-0.531321491840992","-0.506570361273995","-0.302775397984856","-0.0844208556775196","-0.0415480598651175","-0.685307771157441","-0.671673670524282","-0.755432212793734","-0.701879208571802","-0.672622022924282","-0.807184940939948","-0.131649976206266","-0.294148321077076","-0.168604693962381","-0.667418236692689","-0.629910665959817","-0.615699347830287","-0.676801995680601","-0.496310421449608","-0.620253390415144","-0.231709876750131","-0.361122796402089","-0.201705723987467","-0.600372067046214","-0.646522810920757","-0.0301197123824804","-0.656339723754047","-0.664600262443812","0.0817046208143603","-0.669600510563003","-0.589192650089817","-0.205094596687206","-0.811292332428198","-0.822805618746736","0.0433050556386684","0.00829338120762402","0.0170043635063708","0.0231789870650131","-0.0220330832773107","-0.563683489947781","0.0347383559268929","-0.118055740375574"
